YearsExperience,Salary
1.0,56054
1.0,50528
1.0,44579
1.0,48773
1.0,37610
1.0,43179
1.0,50551
1.0,48840
1.0,40835
1.0,41361
1.0,46410
1.0,44901
1.0,40427
1.0,37248
1.0,51140
1.0,52362
1.0,37639
1.0,38472
1.0,40231
1.1,46198
1.1,44791
1.1,51569
1.1,41049
1.1,44411
1.1,40951
1.1,41963
1.1,45979
1.1,44505
1.1,44733
1.1,52836
1.1,48112
1.1,44959
1.1,46586
1.1,42965
1.1,41127
1.1,40896
1.1,44261
1.1,41720
1.1,48326
1.1,49891
1.1,43428
1.1,41741
1.1,57211
1.1,34473
1.1,35804
1.1,34891
1.1,38156
1.1,43929
1.1,43399
1.1,49089
1.1,44040
1.1,44682
1.1,49135
1.1,53571
1.1,38172
1.1,40434
1.1,41244
1.1,51172
1.1,36428
1.1,57150
1.1,49554
1.1,49080
1.1,52187
1.1,36935
1.1,47979
1.1,37646
1.1,45682
1.1,40613
1.1,48805
1.1,44333
1.1,50090
1.1,43896
1.1,32716
1.1,53085
1.1,46996
1.1,48843
1.1,40265
1.1,45681
1.1,44007
1.1,34353
1.1,43350
1.1,43311
1.1,50051
1.1,37861
1.1,48026
1.1,43559
1.2,43431
1.2,38061
1.2,43158
1.2,35865
1.2,44152
1.2,48132
1.2,36401
1.2,42144
1.2,51397
1.2,47470
1.2,55530
1.2,44378
1.2,47154
1.2,42626
1.2,36819
1.2,42264
1.2,30000
1.2,33110
1.2,48222
1.2,41038
1.2,42232
1.2,39345
1.2,43052
1.2,43795
1.2,45188
1.2,41521
1.2,49644
1.2,39115
1.2,37733
1.2,53232
1.2,45727
1.2,39518
1.2,39926
1.2,44717
1.2,45294
1.2,41109
1.2,40311
1.2,45406
1.2,47643
1.2,43584
1.2,48229
1.2,33487
1.2,48919
1.2,33427
1.2,48770
1.2,46715
1.2,39570
1.2,46001
1.2,43879
1.2,43812
1.2,37423
1.2,38964
1.2,44676
1.2,43481
1.2,43082
1.2,36774
1.2,44465
1.2,43619
1.2,35921
1.2,48256
1.2,47115
1.3,33648
1.3,48740
1.3,33243
1.3,45162
1.3,39569
1.3,47979
1.3,39163
1.3,43715
1.3,48202
1.3,48709
1.3,41268
1.3,50013
1.3,41105
1.3,48902
1.3,45286
1.3,40292
1.3,47751
1.3,51705
1.3,47515
1.3,46376
1.3,50209
1.3,42850
1.3,41074
1.3,45792
1.3,43398
1.3,41024
1.3,40940
1.3,36240
1.3,44934
1.3,37263
1.3,41083
1.3,52234
1.3,43134
1.3,42473
1.3,53844
1.3,47141
1.3,42076
1.3,39859
1.3,38935
1.3,47133
1.3,35602
1.3,45239
1.3,43589
1.3,38053
1.3,43958
1.3,46459
1.3,40018
1.3,41497
1.3,40896
1.4,41359
1.4,44293
1.4,42105
1.4,46244
1.4,47654
1.4,43321
1.4,42627
1.4,52453
1.4,40483
1.4,44579
1.4,44740
1.4,48091
1.4,46701
1.4,45516
1.4,45279
1.4,47448
1.4,50280
1.4,46975
1.4,44912
1.4,42925
1.4,41291
1.4,48419
1.4,45898
1.4,35248
1.4,48941
1.4,38795
1.4,49196
1.4,42724
1.4,38540
1.4,43348
1.4,41306
1.4,49766
1.4,46616
1.4,52560
1.4,47432
1.4,39879
1.4,52392
1.4,47364
1.4,40990
1.4,42214
1.4,46510
1.4,44523
1.4,43207
1.4,47301
1.4,46578
1.4,44580
1.4,41156
1.4,45401
1.4,41813
1.4,33482
1.4,42475
1.4,40222
1.4,45538
1.4,37224
1.4,48435
1.4,45106
1.4,46498
1.4,42100
1.4,46163
1.4,35491
1.4,46504
1.4,35930
1.4,44425
1.4,40879
1.4,49368
1.4,48172
1.4,52091
1.4,51529
1.4,47982
1.5,54210
1.5,51386
1.5,48288
1.5,34413
1.5,41554
1.5,36180
1.5,40703
1.5,46367
1.5,52218
1.5,43520
1.5,41786
1.5,52189
1.5,52622
1.5,49187
1.5,47503
1.5,43084
1.5,45408
1.5,40298
1.5,42882
1.5,51384
1.5,50645
1.5,39446
1.5,45676
1.5,46321
1.5,43277
1.5,56292
1.5,49745
1.5,45919
1.5,43723
1.5,43589
1.5,39215
1.5,48154
1.5,44307
1.5,40540
1.5,51139
1.5,53460
1.5,46242
1.5,50683
1.5,45638
1.5,38453
1.5,48663
1.5,48961
1.5,43259
1.5,38219
1.5,39375
1.5,40852
1.5,45067
1.5,42479
1.5,51118
1.5,43960
1.5,49382
1.5,46967
1.5,38425
1.5,48266
1.5,50100
1.5,43334
1.5,46025
1.5,41278
1.5,43214
1.5,51608
1.5,48307
1.5,50507
1.5,46348
1.5,47802
1.5,44424
1.5,48419
1.5,48756
1.6,46713
1.6,48560
1.6,45153
1.6,47157
1.6,48616
1.6,42974
1.6,47270
1.6,54137
1.6,40509
1.6,42621
1.6,49251
1.6,47790
1.6,41804
1.6,51821
1.6,62588
1.6,39351
1.6,43717
1.6,48052
1.6,50574
1.6,43122
1.6,48466
1.6,53746
1.6,53393
1.6,50660
1.6,45683
1.6,52598
1.6,54756
1.6,54957
1.6,48137
1.6,50020
1.6,42821
1.6,44706
1.6,49882
1.6,48978
1.6,43567
1.6,51130
1.6,54952
1.6,50767
1.6,45335
1.6,43165
1.6,52363
1.6,48605
1.6,45649
1.6,52900
1.6,45155
1.6,54714
1.6,44447
1.6,53996
1.6,49833
1.6,44478
1.6,45442
1.6,47298
1.6,57491
1.6,51418
1.6,42032
1.6,49607
1.6,44477
1.6,49176
1.6,48407
1.6,46346
1.6,43677
1.6,60189
1.6,47827
1.6,43169
1.6,45887
1.6,50080
1.6,45638
1.6,47647
1.6,56169
1.6,39955
1.6,47361
1.6,44524
1.7,44966
1.7,54202
1.7,50763
1.7,49207
1.7,48165
1.7,45285
1.7,52589
1.7,44828
1.7,51316
1.7,52339
1.7,57476
1.7,50254
1.7,48921
1.7,51843
1.7,45782
1.7,47487
1.7,44956
1.7,55228
1.7,51117
1.7,51395
1.7,50067
1.7,39927
1.7,48582
1.7,50271
1.7,44609
1.7,57668
1.7,50045
1.7,54928
1.7,52977
1.7,50888
1.7,43248
1.7,41312
1.7,45791
1.7,56591
1.7,52086
1.7,50849
1.7,46252
1.7,52903
1.7,44043
1.7,42462
1.7,51312
1.7,47117
1.7,45697
1.7,40288
1.7,47431
1.7,38759
1.7,48632
1.7,54710
1.7,43504
1.7,43763
1.7,54504
1.7,46728
1.7,43531
1.7,46127
1.7,48427
1.7,42114
1.7,53059
1.7,43578
1.7,46961
1.7,51616
1.7,47832
1.7,42601
1.7,50686
1.7,47386
1.7,43495
1.7,39821
1.7,36778
1.7,54793
1.7,41403
1.8,46061
1.8,49457
1.8,42454
1.8,50993
1.8,43855
1.8,38788
1.8,47138
1.8,38969
1.8,47060
1.8,55260
1.8,51855
1.8,46970
1.8,49290
1.8,51723
1.8,46634
1.8,43744
1.8,41720
1.8,48274
1.8,58760
1.8,48029
1.8,52413
1.8,48816
1.8,52399
1.8,50787
1.8,37401
1.8,50045
1.8,50040
1.8,43185
1.8,51540
1.8,55443
1.8,47150
1.8,42053
1.8,53686
1.8,54453
1.8,50421
1.8,43948
1.8,46001
1.8,50180
1.8,46586
1.8,54846
1.8,53593
1.8,50547
1.8,51260
1.8,49986
1.8,52613
1.8,48242
1.8,46079
1.8,49556
1.8,51791
1.8,43171
1.8,51177
1.8,47711
1.8,52112
1.8,50370
1.8,46674
1.8,43862
1.8,50898
1.8,48340
1.8,39440
1.8,54844
1.8,48163
1.8,48178
1.8,47829
1.8,42994
1.8,45734
1.8,46843
1.8,47612
1.8,55171
1.8,52048
1.9,43872
1.9,47200
1.9,42120
1.9,52767
1.9,40472
1.9,47732
1.9,47126
1.9,58751
1.9,47807
1.9,44315
1.9,40894
1.9,46866
1.9,54982
1.9,46670
1.9,53025
1.9,51428
1.9,44162
1.9,45269
1.9,51073
1.9,47310
1.9,48233
1.9,52277
1.9,45358
1.9,42143
1.9,55983
1.9,50037
1.9,54730
1.9,51904
1.9,57940
1.9,39434
1.9,45391
1.9,52517
1.9,49096
1.9,50414
1.9,42487
1.9,53337
1.9,57288
1.9,45710
1.9,51921
1.9,40924
1.9,49104
1.9,46908
1.9,43819
1.9,43840
1.9,51065
1.9,45296
1.9,50785
1.9,44346
1.9,48436
1.9,46041
2.0,54132
2.0,53222
2.0,44357
2.0,46635
2.0,40443
2.0,53383
2.0,58592
2.0,48240
2.0,49919
2.0,51097
2.0,55986
2.0,54186
2.0,55128
2.0,45136
2.0,39614
2.0,49218
2.0,47771
2.0,44937
2.0,48062
2.0,53362
2.0,47705
2.0,43251
2.0,47202
2.0,53075
2.0,49371
2.0,55836
2.0,50838
2.0,49569
2.0,55900
2.0,52583
2.0,45733
2.0,49621
2.0,38994
2.0,50748
2.0,48097
2.0,47195
2.0,51925
2.0,53262
2.0,46166
2.0,51777
2.0,57465
2.0,51095
2.0,50495
2.0,52192
2.0,46865
2.0,44400
2.0,60623
2.0,56103
2.0,57239
2.0,44227
2.0,50283
2.0,52995
2.0,49800
2.0,50205
2.0,42806
2.0,48288
2.0,51486
2.1,57821
2.1,52987
2.1,56002
2.1,51777
2.1,47762
2.1,57506
2.1,48459
2.1,58742
2.1,56886
2.1,53207
2.1,54596
2.1,48350
2.1,47004
2.1,58474
2.1,55804
2.1,53002
2.1,52174
2.1,52656
2.1,55477
2.1,46371
2.1,41003
2.1,49339
2.1,46627
2.1,53796
2.1,41349
2.1,56582
2.1,50130
2.1,42226
2.1,54245
2.1,39662
2.1,45850
2.1,52774
2.1,47879
2.1,50058
2.1,53422
2.1,56642
2.1,60093
2.1,49829
2.1,54088
2.1,58832
2.1,52289
2.1,49617
2.1,45382
2.1,54420
2.1,47855
2.1,47997
2.1,50315
2.1,50921
2.1,46130
2.1,55360
2.1,50690
2.1,55345
2.1,52552
2.1,50494
2.1,53771
2.1,50193
2.1,50353
2.1,53380
2.2,50392
2.2,48419
2.2,50430
2.2,61428
2.2,50118
2.2,50497
2.2,47090
2.2,49729
2.2,46590
2.2,53786
2.2,46057
2.2,53456
2.2,52156
2.2,53712
2.2,49237
2.2,44511
2.2,48782
2.2,49783
2.2,39748
2.2,55584
2.2,51012
2.2,46458
2.2,58000
2.2,45649
2.2,44148
2.2,44107
2.2,53256
2.2,53857
2.2,43214
2.2,53208
2.2,56705
2.2,51397
2.2,48242
2.2,61889
2.2,49850
2.2,49770
2.2,50191
2.2,57582
2.2,51873
2.2,56105
2.2,53462
2.2,50575
2.2,55668
2.2,60989
2.2,54933
2.2,55479
2.2,55490
2.2,50112
2.2,51374
2.2,49382
2.2,58462
2.2,59123
2.2,49082
2.2,50782
2.2,46834
2.2,54555
2.2,47756
2.2,48173
2.2,56690
2.2,49885
2.2,42709
2.3,52786
2.3,44862
2.3,50418
2.3,50105
2.3,55605
2.3,54696
2.3,56608
2.3,57230
2.3,45727
2.3,40986
2.3,49719
2.3,53053
2.3,49494
2.3,54760
2.3,51763
2.3,49475
2.3,58974
2.3,50756
2.3,52438
2.3,51878
2.3,55433
2.3,52836
2.3,44276
2.3,59827
2.3,58756
2.3,49617
2.3,45195
2.3,53303
2.3,42884
2.3,49403
2.3,55548
2.3,60673
2.3,59195
2.3,51429
2.3,47945
2.3,47039
2.3,49166
2.3,51313
2.3,47698
2.3,51552
2.3,47756
2.3,43172
2.3,59061
2.3,49899
2.3,54490
2.3,52092
2.3,55543
2.3,46607
2.3,52685
2.3,50749
2.3,51960
2.3,52715
2.3,46167
2.3,54214
2.3,47090
2.3,49073
2.3,57939
2.3,50034
2.3,49680
2.3,51497
2.3,53485
2.3,47625
2.3,45605
2.3,49920
2.4,47679
2.4,63178
2.4,56276
2.4,49608
2.4,53840
2.4,51451
2.4,44112
2.4,60120
2.4,55903
2.4,51111
2.4,60448
2.4,58730
2.4,48593
2.4,52508
2.4,53770
2.4,48829
2.4,47451
2.4,52940
2.4,53538
2.4,57491
2.4,52695
2.4,59372
2.4,51068
2.4,55495
2.4,52264
2.4,48410
2.4,49205
2.4,53398
2.4,53102
2.4,48235
2.4,50755
2.4,53509
2.4,57147
2.4,48684
2.4,63605
2.4,44904
2.4,62766
2.4,53794
2.4,53409
2.4,51537
2.4,52649
2.4,46821
2.4,41108
2.4,55786
2.4,57857
2.4,46956
2.4,57189
2.5,54287
2.5,55687
2.5,62365
2.5,51877
2.5,54786
2.5,54239
2.5,60758
2.5,53290
2.5,68428
2.5,44851
2.5,49621
2.5,49662
2.5,47274
2.5,48226
2.5,58261
2.5,52148
2.5,51942
2.5,48262
2.5,49557
2.5,49696
2.5,47699
2.5,50544
2.5,57725
2.5,48899
2.5,45247
2.5,51419
2.5,54651
2.5,52393
2.5,44785
2.5,56754
2.5,55808
2.5,59575
2.5,49657
2.5,54634
2.5,48810
2.5,46280
2.5,54903
2.5,61126
2.5,57969
2.5,48895
2.5,51056
2.5,56706
2.5,48729
2.5,47791
2.5,57604
2.5,50200
2.5,58209
2.5,50722
2.5,57451
2.5,45297
2.5,55437
2.5,58905
2.5,48474
2.5,66402
2.5,52642
2.5,55427
2.5,58633
2.5,47903
2.5,56675
2.5,55824
2.5,66933
2.5,55021
2.6,59130
2.6,56195
2.6,54146
2.6,45036
2.6,52731
2.6,51292
2.6,50429
2.6,54181
2.6,55976
2.6,43382
2.6,58114
2.6,56124
2.6,45085
2.6,51501
2.6,51666
2.6,44277
2.6,58105
2.6,52282
2.6,54829
2.6,49211
2.6,51243
2.6,44872
2.6,56838
2.6,56182
2.6,54937
2.6,61301
2.6,56346
2.6,50128
2.6,52501
2.6,43866
2.6,55681
2.6,54164
2.6,61328
2.6,57627
2.6,54847
2.6,56233
2.6,56533
2.6,52882
2.6,55970
2.6,54647
2.6,61764
2.6,53723
2.6,62202
2.6,62962
2.6,61387
2.6,56979
2.6,47709
2.6,57117
2.6,64756
2.6,53331
2.6,50112
2.6,57164
2.6,53879
2.6,62887
2.6,62968
2.6,58218
2.6,47798
2.6,52067
2.6,51544
2.6,45267
2.6,48611
2.6,45299
2.6,52371
2.6,55398
2.7,53315
2.7,50852
2.7,59126
2.7,49680
2.7,50540
2.7,49970
2.7,58999
2.7,67995
2.7,51555
2.7,59729
2.7,56475
2.7,56351
2.7,51913
2.7,46184
2.7,59337
2.7,45959
2.7,62066
2.7,58140
2.7,56822
2.7,56819
2.7,56708
2.7,59347
2.7,47122
2.7,65049
2.7,54660
2.7,50743
2.7,53338
2.7,47339
2.7,59138
2.7,54393
2.7,54790
2.7,51608
2.7,60485
2.7,58797
2.7,45475
2.7,49688
2.7,58873
2.7,50571
2.7,57887
2.7,57162
2.7,54177
2.7,50259
2.7,55407
2.7,55167
2.7,55241
2.7,54605
2.7,59044
2.7,53975
2.7,49734
2.7,53150
2.7,57191
2.7,47244
2.7,56571
2.7,54304
2.7,55420
2.7,41088
2.7,57582
2.7,52666
2.7,52100
2.7,48278
2.8,61269
2.8,59709
2.8,61822
2.8,53999
2.8,51660
2.8,53757
2.8,59210
2.8,55869
2.8,52981
2.8,52183
2.8,61300
2.8,59408
2.8,53397
2.8,48744
2.8,53761
2.8,51452
2.8,55266
2.8,50509
2.8,57461
2.8,46370
2.8,51359
2.8,56900
2.8,53303
2.8,61234
2.8,62788
2.8,58722
2.8,51077
2.8,49337
2.8,57812
2.8,47739
2.8,59921
2.8,52857
2.8,58701
2.8,62796
2.8,55395
2.8,65239
2.8,59161
2.8,57525
2.8,59366
2.8,46163
2.8,54188
2.8,53354
2.8,56632
2.8,52958
2.8,55248
2.8,54324
2.8,46858
2.8,60718
2.8,52755
2.8,60781
2.8,60563
2.8,55402
2.8,51322
2.8,57963
2.8,51951
2.8,61624
2.8,63834
2.9,62122
2.9,54616
2.9,58579
2.9,63820
2.9,61048
2.9,51602
2.9,60283
2.9,55738
2.9,59530
2.9,55151
2.9,53940
2.9,61721
2.9,55990
2.9,63447
2.9,57382
2.9,58156
2.9,58784
2.9,59645
2.9,60477
2.9,54581
2.9,62530
2.9,56973
2.9,51454
2.9,51377
2.9,59032
2.9,55860
2.9,56809
2.9,57258
2.9,56256
2.9,48992
2.9,53612
2.9,53065
2.9,63707
2.9,59689
2.9,62859
2.9,61016
2.9,51620
2.9,51264
2.9,52849
2.9,58226
2.9,47779
2.9,57353
2.9,57788
2.9,53562
2.9,62811
2.9,53694
2.9,54304
2.9,58727
2.9,59148
2.9,60260
2.9,57949
2.9,56458
3.0,55501
3.0,58978
3.0,59164
3.0,66492
3.0,56126
3.0,56549
3.0,51327
3.0,52557
3.0,59216
3.0,62320
3.0,61283
3.0,65686
3.0,54332
3.0,63889
3.0,57250
3.0,57928
3.0,55598
3.0,57655
3.0,53389
3.0,56531
3.0,49950
3.0,52745
3.0,48954
3.0,48729
3.0,56959
3.0,64024
3.0,67522
3.0,51614
3.0,56474
3.0,57920
3.0,52223
3.0,54284
3.0,61161
3.0,60440
3.0,59560
3.0,57616
3.0,49128
3.0,48126
3.0,57553
3.0,62173
3.0,49775
3.0,66946
3.0,62720
3.0,56244
3.0,59231
3.0,52350
3.0,53876
3.0,69123
3.0,55111
3.0,53747
3.0,51605
3.0,54529
3.0,63855
3.0,62806
3.0,64691
3.0,57003
3.0,59010
3.0,54049
3.0,56009
3.1,65072
3.1,51959
3.1,62709
3.1,57804
3.1,58912
3.1,58825
3.1,55443
3.1,65673
3.1,65922
3.1,53022
3.1,59339
3.1,57052
3.1,57237
3.1,56075
3.1,58838
3.1,55757
3.1,61471
3.1,59426
3.1,59830
3.1,57260
3.1,54909
3.1,60154
3.1,57111
3.1,64830
3.1,57449
3.1,61719
3.1,61426
3.1,61583
3.1,56867
3.1,54849
3.1,62349
3.1,58365
3.1,59040
3.1,69202
3.1,63486
3.1,67961
3.1,57401
3.1,59093
3.1,62351
3.1,58727
3.1,58422
3.1,61594
3.1,48327
3.1,61427
3.1,68384
3.1,64170
3.1,50043
3.1,64370
3.2,61193
3.2,61228
3.2,57014
3.2,53466
3.2,59188
3.2,63395
3.2,60476
3.2,57353
3.2,59925
3.2,60191
3.2,63459
3.2,62671
3.2,59167
3.2,59784
3.2,63939
3.2,68631
3.2,64242
3.2,62193
3.2,58854
3.2,63254
3.2,56845
3.2,58263
3.2,64638
3.2,51329
3.2,52898
3.2,55494
3.2,54822
3.2,61030
3.2,49213
3.2,61582
3.2,53871
3.2,61620
3.2,64529
3.2,60236
3.2,67265
3.2,58357
3.2,65614
3.2,71505
3.2,61352
3.2,59291
3.2,66571
3.2,71299
3.2,59678
3.2,52349
3.2,59548
3.2,70048
3.2,60304
3.2,56250
3.2,74491
3.2,58490
3.2,52376
3.2,58384
3.2,58954
3.2,52179
3.2,65428
3.2,47571
3.2,53718
3.2,51561
3.2,62327
3.2,61862
3.2,56567
3.2,63045
3.2,63339
3.2,56702
3.2,59526
3.3,59894
3.3,52099
3.3,54570
3.3,68073
3.3,64329
3.3,63853
3.3,65000
3.3,53963
3.3,51053
3.3,52394
3.3,52752
3.3,56160
3.3,58689
3.3,63488
3.3,66210
3.3,67446
3.3,74076
3.3,69707
3.3,62432
3.3,59682
3.3,60486
3.3,61627
3.3,61150
3.3,65561
3.3,53767
3.3,68188
3.3,62404
3.3,63480
3.3,56881
3.3,63536
3.3,67264
3.3,61442
3.3,69515
3.3,52842
3.3,58239
3.3,58624
3.3,62867
3.3,59679
3.3,61200
3.3,62258
3.3,53212
3.3,54358
3.3,60333
3.3,61798
3.3,57146
3.3,53493
3.3,58202
3.3,59221
3.3,52754
3.3,58817
3.3,61007
3.3,57335
3.3,55123
3.3,60328
3.3,74341
3.3,53111
3.3,55313
3.3,60551
3.3,69762
3.3,59915
3.3,57759
3.4,59810
3.4,56179
3.4,58633
3.4,58941
3.4,55493
3.4,65195
3.4,51976
3.4,53650
3.4,57365
3.4,55172
3.4,63200
3.4,58356
3.4,61559
3.4,57501
3.4,55495
3.4,58885
3.4,53419
3.4,56720
3.4,58085
3.4,55608
3.4,64634
3.4,67682
3.4,61821
3.4,62702
3.4,69023
3.4,65320
3.4,60571
3.4,64546
3.4,54362
3.4,62415
3.4,60359
3.4,71532
3.4,54729
3.4,66640
3.4,60091
3.4,64656
3.4,59232
3.4,58427
3.4,61890
3.4,56386
3.4,63969
3.4,70722
3.4,66336
3.4,55100
3.4,60940
3.4,58233
3.4,55310
3.4,61083
3.4,69021
3.4,61089
3.4,67163
3.4,62680
3.4,59941
3.4,65658
3.4,59970
3.4,64504
3.5,64539
3.5,60016
3.5,56278
3.5,58293
3.5,64494
3.5,57389
3.5,67136
3.5,65476
3.5,57740
3.5,59280
3.5,50701
3.5,58926
3.5,58296
3.5,62592
3.5,53166
3.5,57233
3.5,61085
3.5,60249
3.5,61879
3.5,60950
3.5,58645
3.5,61599
3.5,60145
3.5,64767
3.5,54032
3.5,51752
3.5,59161
3.5,53322
3.5,69468
3.5,56210
3.5,63163
3.5,67133
3.5,62297
3.5,55211
3.5,65292
3.5,67855
3.5,65890
3.5,65362
3.5,61867
3.5,62534
3.5,62477
3.5,61190
3.5,63550
3.5,57186
3.5,59839
3.5,65801
3.5,65365
3.5,54671
3.5,66040
3.5,57496
3.5,54511
3.5,60033
3.5,61140
3.5,61950
3.5,55769
3.5,67538
3.5,58525
3.5,61997
3.6,53268
3.6,62239
3.6,60123
3.6,60710
3.6,54467
3.6,58794
3.6,50074
3.6,62247
3.6,63103
3.6,61520
3.6,60971
3.6,61879
3.6,59170
3.6,64885
3.6,69592
3.6,63651
3.6,55273
3.6,59510
3.6,68010
3.6,63557
3.6,57742
3.6,61903
3.6,63242
3.6,67721
3.6,68567
3.6,68805
3.6,63852
3.6,62788
3.6,65698
3.6,60896
3.6,58503
3.6,55177
3.6,63549
3.6,69680
3.6,68217
3.6,58060
3.6,65416
3.6,53158
3.6,59855
3.6,55190
3.6,65707
3.6,55913
3.6,70915
3.6,51753
3.6,59760
3.6,51400
3.6,53911
3.6,68432
3.6,61895
3.6,65313
3.6,66493
3.6,65723
3.6,67828
3.6,65441
3.6,67344
3.6,56827
3.6,53029
3.6,56329
3.6,60409
3.6,62097
3.6,64653
3.6,58857
3.7,64482
3.7,65746
3.7,57340
3.7,74596
3.7,60091
3.7,62460
3.7,66068
3.7,63885
3.7,62484
3.7,61474
3.7,68233
3.7,49626
3.7,59193
3.7,69919
3.7,65867
3.7,61726
3.7,68257
3.7,70215
3.7,73465
3.7,58066
3.7,55847
3.7,63430
3.7,56957
3.7,61772
3.7,62042
3.7,64090
3.7,67650
3.7,59213
3.7,64097
3.7,58489
3.7,55753
3.7,63954
3.7,69069
3.7,61852
3.7,50825
3.7,64063
3.7,57255
3.7,65018
3.7,69016
3.7,63738
3.7,60462
3.7,61852
3.7,48881
3.7,65439
3.7,57760
3.7,66182
3.7,60188
3.7,61061
3.7,66288
3.7,55012
3.7,63770
3.7,57176
3.7,60462
3.7,72662
3.7,59497
3.7,67378
3.7,68355
3.7,66123
3.7,57786
3.8,59753
3.8,67345
3.8,54804
3.8,58206
3.8,66772
3.8,72152
3.8,62548
3.8,64072
3.8,57113
3.8,57595
3.8,62263
3.8,60334
3.8,57872
3.8,61097
3.8,59644
3.8,65867
3.8,62320
3.8,60704
3.8,62698
3.8,64552
3.8,58610
3.8,64992
3.8,60737
3.8,63906
3.8,59841
3.8,56022
3.8,65681
3.8,66267
3.8,66518
3.8,61622
3.8,54589
3.8,68344
3.8,58545
3.8,68469
3.8,61972
3.8,54776
3.8,62170
3.8,74429
3.8,63269
3.8,64910
3.8,60568
3.8,65345
3.8,52421
3.8,50892
3.8,65729
3.8,73179
3.8,64865
3.8,65113
3.8,64980
3.8,66973
3.8,61683
3.8,70809
3.8,66926
3.8,70265
3.8,70049
3.8,64067
3.8,56007
3.8,65603
3.9,67416
3.9,56828
3.9,61850
3.9,78092
3.9,59567
3.9,69029
3.9,65174
3.9,72192
3.9,58771
3.9,71319
3.9,50687
3.9,59358
3.9,59095
3.9,69413
3.9,67926
3.9,61164
3.9,66616
3.9,63061
3.9,66582
3.9,61501
3.9,60418
3.9,67632
3.9,66334
3.9,64414
3.9,73813
3.9,64989
3.9,63542
3.9,68386
3.9,63682
3.9,67976
3.9,48557
3.9,59619
3.9,66696
3.9,63392
3.9,66127
3.9,57238
3.9,62283
3.9,60270
3.9,73406
3.9,54704
3.9,63532
3.9,60628
3.9,54125
3.9,58277
3.9,59456
3.9,56123
3.9,53022
3.9,63884
3.9,61011
3.9,69759
3.9,63595
3.9,59797
3.9,65782
3.9,66343
3.9,66777
3.9,61291
3.9,61069
3.9,58024
3.9,60351
3.9,60074
4.0,64649
4.0,67794
4.0,65317
4.0,59065
4.0,75782
4.0,62748
4.0,73729
4.0,63737
4.0,66667
4.0,72427
4.0,60421
4.0,66126
4.0,59633
4.0,71678
4.0,56581
4.0,65778
4.0,54193
4.0,65497
4.0,63971
4.0,59478
4.0,60303
4.0,64425
4.0,64659
4.0,71444
4.0,64738
4.0,65939
4.0,61741
4.0,59098
4.0,69358
4.0,70680
4.0,64963
4.0,63897
4.0,57165
4.0,72577
4.0,64673
4.0,63284
4.0,53959
4.0,69318
4.0,58778
4.0,62843
4.0,60970
4.0,70921
4.0,55635
4.0,70418
4.0,66802
4.0,59339
4.0,65776
4.0,63367
4.0,58090
4.0,58400
4.0,64840
4.0,71225
4.0,63787
4.0,65619
4.0,63827
4.0,69262
4.0,67053
4.0,59528
4.0,64714
4.0,57606
4.1,68565
4.1,70858
4.1,64150
4.1,72301
4.1,67988
4.1,57893
4.1,57416
4.1,71973
4.1,58025
4.1,78400
4.1,71344
4.1,60618
4.1,66675
4.1,64505
4.1,62923
4.1,70067
4.1,64593
4.1,65739
4.1,57130
4.1,67385
4.1,60747
4.1,64782
4.1,69801
4.1,60876
4.1,61273
4.1,63574
4.1,64385
4.1,55071
4.1,67959
4.1,69333
4.1,71497
4.1,65661
4.1,65547
4.1,62482
4.1,60494
4.1,61320
4.1,76125
4.1,66758
4.1,65980
4.1,61938
4.1,59002
4.1,53546
4.1,63856
4.1,63459
4.1,66485
4.1,64595
4.1,69257
4.1,61404
4.1,72082
4.1,71467
4.1,61939
4.1,67299
4.1,62710
4.1,64492
4.1,62592
4.2,68139
4.2,73185
4.2,65002
4.2,63344
4.2,57481
4.2,71873
4.2,69084
4.2,72662
4.2,65075
4.2,59092
4.2,59926
4.2,66919
4.2,61381
4.2,62308
4.2,73370
4.2,70278
4.2,69986
4.2,70337
4.2,60416
4.2,71406
4.2,69498
4.2,64795
4.2,59817
4.2,71396
4.2,66900
4.2,64867
4.2,68805
4.2,74100
4.2,62071
4.2,66390
4.2,63663
4.2,65998
4.2,68630
4.2,69691
4.2,72777
4.2,65385
4.2,63982
4.2,66515
4.2,63965
4.2,66030
4.2,62748
4.2,64990
4.2,64734
4.2,68601
4.2,60674
4.2,73332
4.2,64243
4.2,73056
4.2,66973
4.2,72956
4.2,59295
4.2,64995
4.2,71169
4.2,62668
4.3,70759
4.3,68342
4.3,58535
4.3,62264
4.3,73923
4.3,57952
4.3,68353
4.3,62223
4.3,71157
4.3,70368
4.3,68874
4.3,78109
4.3,79274
4.3,69949
4.3,73512
4.3,61409
4.3,75586
4.3,72301
4.3,65705
4.3,67525
4.3,70316
4.3,69405
4.3,70345
4.3,73067
4.3,80053
4.3,71077
4.3,74740
4.3,69430
4.3,70472
4.3,67347
4.3,66626
4.3,70204
4.3,69942
4.3,61970
4.3,68156
4.3,68814
4.3,77523
4.3,72951
4.3,71820
4.3,70716
4.3,64164
4.3,64870
4.3,66587
4.3,67519
4.3,51042
4.3,66394
4.3,72085
4.3,72813
4.3,70766
4.3,67903
4.3,70941
4.3,61490
4.3,71743
4.3,72766
4.3,70738
4.3,68190
4.3,75026
4.3,68480
4.3,72523
4.3,73369
4.3,67192
4.3,61555
4.3,73185
4.3,69148
4.3,70437
4.3,72539
4.3,61622
4.3,75119
4.3,59456
4.3,69533
4.3,68782
4.3,68213
4.4,68230
4.4,66411
4.4,58267
4.4,60532
4.4,63989
4.4,67804
4.4,63139
4.4,74977
4.4,65437
4.4,71476
4.4,60382
4.4,72151
4.4,75053
4.4,71735
4.4,73833
4.4,69461
4.4,67249
4.4,71200
4.4,73486
4.4,60889
4.4,68977
4.4,61834
4.4,65015
4.4,71799
4.4,73519
4.4,66078
4.4,72836
4.4,70304
4.4,78455
4.4,68367
4.4,67463
4.4,68699
4.4,60486
4.4,60922
4.4,67375
4.4,62980
4.4,65686
4.4,66417
4.4,74578
4.4,59130
4.4,65482
4.4,65153
4.4,73813
4.4,61946
4.4,66210
4.4,67292
4.4,69868
4.4,72813
4.4,57949
4.4,70515
4.4,71446
4.4,74440
4.4,71837
4.4,63763
4.4,63768
4.4,71633
4.4,77209
4.4,79205
4.4,67417
4.4,71819
4.4,58895
4.4,79728
4.4,69388
4.4,64014
4.5,65860
4.5,66569
4.5,70465
4.5,70795
4.5,65138
4.5,67652
4.5,72135
4.5,65182
4.5,66870
4.5,65974
4.5,75155
4.5,68506
4.5,67811
4.5,69073
4.5,68783
4.5,64000
4.5,68372
4.5,71814
4.5,61581
4.5,63519
4.5,67615
4.5,70519
4.5,66583
4.5,70531
4.5,75734
4.5,67298
4.5,76715
4.5,70385
4.5,64139
4.5,60032
4.5,55659
4.5,66617
4.5,61134
4.5,67187
4.5,67275
4.5,80210
4.5,64565
4.5,52645
4.5,64215
4.5,73472
4.5,71303
4.5,61276
4.5,69212
4.5,69351
4.5,71140
4.5,70545
4.5,65604
4.5,63568
4.5,76925
4.5,63602
4.6,72367
4.6,63510
4.6,71696
4.6,74305
4.6,77826
4.6,65522
4.6,70193
4.6,68700
4.6,63898
4.6,76951
4.6,71258
4.6,67079
4.6,67879
4.6,73543
4.6,73854
4.6,71606
4.6,72912
4.6,69161
4.6,68784
4.6,65829
4.6,76710
4.6,56241
4.6,65427
4.6,79770
4.6,64676
4.6,71028
4.6,68580
4.6,64163
4.6,64370
4.6,65731
4.6,73957
4.6,72797
4.6,65641
4.6,63733
4.6,69087
4.6,61985
4.6,73354
4.6,71190
4.6,75039
4.6,70844
4.6,69415
4.6,66158
4.6,69674
4.6,69765
4.6,78266
4.6,66600
4.6,73636
4.6,61122
4.6,67017
4.6,71642
4.6,67214
4.6,69891
4.6,59763
4.6,80770
4.6,67047
4.6,71195
4.6,69612
4.6,73791
4.7,69166
4.7,68525
4.7,70786
4.7,67995
4.7,78429
4.7,70061
4.7,62681
4.7,76206
4.7,74984
4.7,75345
4.7,74784
4.7,66513
4.7,72733
4.7,62877
4.7,71185
4.7,79280
4.7,70154
4.7,66717
4.7,61409
4.7,66828
4.7,67529
4.7,68275
4.7,62567
4.7,67729
4.7,64354
4.7,81078
4.7,69834
4.7,56712
4.7,69937
4.7,64997
4.7,71669
4.7,72798
4.7,72798
4.7,74517
4.7,78696
4.7,70893
4.7,65470
4.7,72136
4.7,74662
4.7,70359
4.7,77754
4.7,70320
4.7,69305
4.7,76404
4.7,66239
4.7,85634
4.7,67822
4.7,76531
4.7,70458
4.7,76151
4.7,72524
4.7,70150
4.7,78814
4.7,66667
4.8,72135
4.8,70207
4.8,78358
4.8,71817
4.8,71683
4.8,68274
4.8,67422
4.8,73581
4.8,68675
4.8,76162
4.8,68061
4.8,77066
4.8,72959
4.8,73281
4.8,78137
4.8,77569
4.8,69584
4.8,77817
4.8,73378
4.8,67191
4.8,74295
4.8,58561
4.8,71826
4.8,70986
4.8,76157
4.8,73654
4.8,73224
4.8,73084
4.8,66475
4.8,67474
4.8,70201
4.8,68918
4.8,64878
4.8,72154
4.8,71634
4.8,68114
4.8,70276
4.8,64819
4.8,70021
4.8,74798
4.8,68424
4.8,67088
4.8,72215
4.8,70909
4.8,81925
4.8,64252
4.8,69683
4.8,63311
4.8,72526
4.8,74705
4.8,60190
4.8,68307
4.8,69274
4.8,62470
4.8,69346
4.8,70837
4.8,63709
4.8,74314
4.8,73112
4.8,73684
4.8,71044
4.8,67854
4.8,72086
4.8,71342
4.8,72420
4.8,74318
4.8,68039
4.8,77013
4.8,77333
4.8,75424
4.8,72601
4.8,73682
4.8,62238
4.9,80788
4.9,67742
4.9,74958
4.9,68695
4.9,81308
4.9,72715
4.9,75052
4.9,73011
4.9,77668
4.9,68288
4.9,73746
4.9,79777
4.9,65965
4.9,63847
4.9,67770
4.9,69056
4.9,65284
4.9,65188
4.9,73224
4.9,60503
4.9,67815
4.9,77292
4.9,85871
4.9,70480
4.9,74298
4.9,80420
4.9,64617
4.9,70634
4.9,79438
4.9,73741
4.9,73461
4.9,75272
4.9,67872
4.9,66514
4.9,70422
4.9,73145
4.9,75602
4.9,73753
4.9,72833
4.9,68748
4.9,72382
4.9,76850
4.9,73228
4.9,71520
4.9,81669
4.9,66157
4.9,74825
4.9,74574
4.9,70574
4.9,74659
4.9,68659
4.9,73974
4.9,68442
4.9,70072
4.9,68768
4.9,70039
4.9,68164
4.9,74583
4.9,62194
4.9,77224
4.9,71911
4.9,76114
4.9,67993
5.0,74295
5.0,72459
5.0,69999
5.0,71867
5.0,70153
5.0,63811
5.0,80864
5.0,68515
5.0,75356
5.0,72789
5.0,66159
5.0,71927
5.0,68391
5.0,65834
5.0,68691
5.0,66072
5.0,82679
5.0,84218
5.0,76734
5.0,71604
5.0,72565
5.0,73843
5.0,73015
5.0,68455
5.0,79149
5.0,72184
5.0,72800
5.0,74458
5.0,78025
5.0,73863
5.0,81837
5.0,70056
5.0,69648
5.0,74511
5.0,73894
5.0,71644
5.0,71424
5.0,76205
5.0,67606
5.0,76820
5.0,65631
5.0,62003
5.0,71358
5.0,79576
5.0,77219
5.0,71654
5.0,73669
5.0,67061
5.0,71736
5.0,72125
5.0,61718
5.0,63235
5.0,71200
5.0,71158
5.0,79574
5.0,75936
5.0,88289
5.0,74840
5.1,77638
5.1,68798
5.1,73196
5.1,63590
5.1,70712
5.1,70139
5.1,64391
5.1,70406
5.1,77077
5.1,72909
5.1,74961
5.1,78682
5.1,66982
5.1,76218
5.1,78563
5.1,60813
5.1,74007
5.1,78142
5.1,69119
5.1,81845
5.1,66655
5.1,74007
5.1,70263
5.1,71752
5.1,79467
5.1,74100
5.1,70314
5.1,75631
5.1,72097
5.1,73341
5.1,66301
5.1,71434
5.1,70066
5.1,75973
5.1,65867
5.1,71646
5.1,71025
5.1,70208
5.1,69024
5.1,81878
5.1,63725
5.1,81974
5.1,78548
5.1,78012
5.1,74241
5.1,71687
5.1,64398
5.1,66692
5.1,72609
5.1,66571
5.1,80725
5.1,78374
5.1,65839
5.1,66596
5.1,70867
5.1,70120
5.1,65338
5.1,67851
5.2,70863
5.2,70970
5.2,61536
5.2,71078
5.2,72920
5.2,77311
5.2,80570
5.2,69926
5.2,71214
5.2,69890
5.2,75406
5.2,66278
5.2,78364
5.2,72834
5.2,77262
5.2,75942
5.2,68508
5.2,70941
5.2,71430
5.2,74622
5.2,73190
5.2,73742
5.2,67875
5.2,80272
5.2,76001
5.2,77516
5.2,67435
5.2,72560
5.2,69304
5.2,74747
5.2,81326
5.2,64759
5.2,81339
5.2,72997
5.2,75672
5.2,73397
5.2,68062
5.2,80476
5.2,69015
5.2,62398
5.2,72321
5.2,74902
5.2,79148
5.2,80276
5.2,71081
5.2,78540
5.2,67122
5.2,75089
5.2,83027
5.2,81948
5.2,74690
5.2,69947
5.2,76197
5.2,75657
5.2,69702
5.2,76065
5.2,80989
5.2,71806
5.2,74554
5.2,65097
5.3,76592
5.3,70296
5.3,76577
5.3,83913
5.3,74851
5.3,79589
5.3,74980
5.3,74230
5.3,76676
5.3,70159
5.3,75090
5.3,88360
5.3,76030
5.3,68751
5.3,75802
5.3,68611
5.3,61377
5.3,74938
5.3,74741
5.3,70394
5.3,77968
5.3,74896
5.3,84105
5.3,77020
5.3,60252
5.3,71989
5.3,74286
5.3,78798
5.3,63035
5.3,76679
5.3,77100
5.3,79026
5.3,72374
5.3,74496
5.3,81123
5.3,72762
5.3,75710
5.3,71695
5.3,71554
5.3,65772
5.3,79283
5.3,78111
5.3,71010
5.3,76037
5.3,79689
5.3,70481
5.3,73633
5.3,80761
5.3,76245
5.3,76542
5.3,75289
5.3,73904
5.3,76355
5.3,78732
5.4,77788
5.4,67374
5.4,73661
5.4,69076
5.4,81268
5.4,77134
5.4,76227
5.4,73759
5.4,70747
5.4,79906
5.4,77796
5.4,75293
5.4,79666
5.4,66396
5.4,70098
5.4,73224
5.4,76888
5.4,77546
5.4,73612
5.4,86026
5.4,70755
5.4,76184
5.4,74564
5.4,73166
5.4,75454
5.4,73542
5.4,76946
5.4,86108
5.4,78909
5.4,80352
5.4,78187
5.4,79640
5.4,80195
5.4,70607
5.4,72090
5.4,71895
5.4,74528
5.4,77863
5.4,74391
5.4,77390
5.4,78541
5.4,78104
5.4,70756
5.4,70942
5.4,87409
5.4,79590
5.4,73811
5.4,71670
5.4,75923
5.4,75462
5.4,69449
5.4,77755
5.4,78355
5.4,74347
5.4,71801
5.4,66620
5.4,84528
5.4,82832
5.5,69153
5.5,82890
5.5,75441
5.5,72375
5.5,75652
5.5,75774
5.5,76648
5.5,88211
5.5,82961
5.5,71683
5.5,82065
5.5,80865
5.5,79473
5.5,84446
5.5,75808
5.5,78471
5.5,75514
5.5,68353
5.5,72046
5.5,88258
5.5,71419
5.5,78902
5.5,70969
5.5,79899
5.5,68271
5.5,81770
5.5,75164
5.5,70258
5.5,79269
5.5,77739
5.5,81784
5.5,71477
5.5,77776
5.5,81491
5.5,72774
5.5,76802
5.5,80344
5.5,76058
5.5,79434
5.5,69742
5.5,75992
5.5,72314
5.5,81236
5.5,73295
5.5,70002
5.5,82033
5.6,77911
5.6,75931
5.6,75069
5.6,67105
5.6,75182
5.6,72006
5.6,75505
5.6,75067
5.6,75238
5.6,77611
5.6,75124
5.6,69496
5.6,73934
5.6,70338
5.6,85065
5.6,74871
5.6,69954
5.6,79343
5.6,79961
5.6,62284
5.6,83053
5.6,84713
5.6,84714
5.6,74881
5.6,81046
5.6,73701
5.6,76234
5.6,69879
5.6,81960
5.6,74694
5.6,81956
5.6,76981
5.6,75677
5.6,88053
5.6,80767
5.6,75804
5.6,81525
5.6,75345
5.6,73859
5.6,69529
5.6,77630
5.6,77215
5.6,77080
5.6,75274
5.6,83547
5.6,81766
5.6,78180
5.6,75078
5.6,80253
5.6,72338
5.6,70023
5.6,69802
5.6,79652
5.6,80916
5.6,57388
5.6,80993
5.6,78237
5.6,72815
5.7,82111
5.7,86361
5.7,79912
5.7,72933
5.7,77047
5.7,84972
5.7,80275
5.7,81809
5.7,76436
5.7,65795
5.7,67378
5.7,63562
5.7,73367
5.7,69894
5.7,75085
5.7,73428
5.7,79719
5.7,77866
5.7,76517
5.7,71754
5.7,76071
5.7,79725
5.7,74508
5.7,70447
5.7,70530
5.7,75574
5.7,84113
5.7,77589
5.7,76898
5.7,71619
5.7,69099
5.7,77699
5.7,77689
5.7,71501
5.7,81005
5.7,75249
5.7,79905
5.7,85798
5.7,81027
5.7,84968
5.7,84214
5.7,80505
5.7,82480
5.7,74231
5.7,73759
5.7,76834
5.7,74924
5.7,73331
5.7,78665
5.7,65846
5.7,80052
5.7,78236
5.7,79925
5.7,80655
5.7,78582
5.8,71465
5.8,76720
5.8,77982
5.8,69786
5.8,74625
5.8,81168
5.8,80164
5.8,75502
5.8,76672
5.8,80037
5.8,84518
5.8,86290
5.8,79726
5.8,79018
5.8,80535
5.8,77325
5.8,71479
5.8,85990
5.8,88887
5.8,77582
5.8,85053
5.8,80960
5.8,79317
5.8,68400
5.8,76774
5.8,78353
5.8,81709
5.8,81548
5.8,79197
5.8,77307
5.8,76204
5.8,86164
5.8,72555
5.8,78561
5.8,81409
5.8,76762
5.8,80877
5.8,71172
5.8,78663
5.8,83351
5.8,68233
5.8,79013
5.8,80742
5.8,73937
5.8,80397
5.8,74247
5.8,82007
5.8,82926
5.8,74475
5.8,68550
5.8,77509
5.8,73878
5.8,81488
5.8,81982
5.8,80529
5.8,75970
5.9,75848
5.9,74469
5.9,82678
5.9,74768
5.9,84494
5.9,81863
5.9,83574
5.9,74264
5.9,77814
5.9,87611
5.9,83696
5.9,74673
5.9,80595
5.9,85656
5.9,82829
5.9,73104
5.9,84284
5.9,75903
5.9,68392
5.9,75052
5.9,84665
5.9,74117
5.9,78740
5.9,84261
5.9,72425
5.9,68846
5.9,81989
5.9,84511
5.9,79737
5.9,80205
5.9,81238
5.9,80665
5.9,84360
5.9,75549
5.9,74462
5.9,77320
5.9,92585
5.9,77746
5.9,73349
5.9,77583
5.9,89928
5.9,79982
5.9,87571
5.9,76993
5.9,77285
5.9,86351
5.9,72093
5.9,81866
5.9,77188
5.9,81188
5.9,82705
5.9,83435
5.9,79937
5.9,86199
5.9,76543
5.9,73766
5.9,70204
5.9,78682
5.9,84222
5.9,73267
5.9,71525
5.9,78480
5.9,82278
6.0,78594
6.0,77411
6.0,86343
6.0,94715
6.0,74177
6.0,73571
6.0,76110
6.0,78920
6.0,77513
6.0,80044
6.0,82168
6.0,85289
6.0,80499
6.0,80170
6.0,78492
6.0,81429
6.0,86840
6.0,87946
6.0,83665
6.0,74649
6.0,79863
6.0,90244
6.0,83645
6.0,81509
6.0,91689
6.0,76359
6.0,71596
6.0,76288
6.0,82427
6.0,82784
6.0,80383
6.0,86359
6.0,85561
6.0,80395
6.0,78752
6.0,82460
6.0,83610
6.0,78070
6.0,78316
6.0,83214
6.0,78548
6.0,77985
6.0,81798
6.0,77410
6.0,83092
6.0,80572
6.0,82841
6.0,80910
6.0,80915
6.0,82869
6.0,77260
6.0,77558
6.0,84101
6.0,78464
6.0,74221
6.0,81679
6.0,76033
6.0,80076
6.0,75118
6.1,76410
6.1,78587
6.1,78157
6.1,84286
6.1,80978
6.1,71881
6.1,80817
6.1,77711
6.1,83349
6.1,82108
6.1,83042
6.1,74358
6.1,75554
6.1,87246
6.1,80394
6.1,84907
6.1,81998
6.1,78823
6.1,82094
6.1,74703
6.1,81218
6.1,73596
6.1,76663
6.1,75303
6.1,85894
6.1,75141
6.1,75651
6.1,75455
6.1,74587
6.1,70426
6.1,77085
6.1,84723
6.1,76282
6.1,75072
6.1,87704
6.1,79571
6.1,82190
6.1,73155
6.1,79530
6.1,75845
6.1,77763
6.1,80754
6.1,85529
6.1,78602
6.1,85663
6.1,79175
6.2,89348
6.2,81452
6.2,87471
6.2,82537
6.2,91427
6.2,78554
6.2,78745
6.2,81394
6.2,74882
6.2,72660
6.2,77023
6.2,78494
6.2,85883
6.2,85535
6.2,79330
6.2,77550
6.2,81601
6.2,85420
6.2,77692
6.2,80219
6.2,82308
6.2,78220
6.2,87686
6.2,77911
6.2,84097
6.2,83456
6.2,79082
6.2,84595
6.2,78474
6.2,81312
6.2,76237
6.2,76107
6.2,78313
6.2,85821
6.2,82217
6.2,76834
6.2,73060
6.2,81825
6.2,82822
6.2,81509
6.2,85844
6.2,72992
6.2,86781
6.2,82658
6.2,80475
6.2,82212
6.2,88296
6.2,81274
6.2,83155
6.2,85490
6.2,82467
6.2,82938
6.2,86477
6.2,84094
6.2,82252
6.2,78184
6.2,79720
6.2,75585
6.2,81100
6.2,81433
6.2,89379
6.2,83923
6.2,83764
6.2,93088
6.2,77702
6.2,69209
6.2,83612
6.3,85378
6.3,89952
6.3,83904
6.3,71726
6.3,81255
6.3,80342
6.3,75630
6.3,81631
6.3,95168
6.3,88692
6.3,77121
6.3,85294
6.3,72477
6.3,80922
6.3,96026
6.3,83217
6.3,83618
6.3,81773
6.3,81339
6.3,85430
6.3,82281
6.3,78825
6.3,92478
6.3,97815
6.3,86351
6.3,81222
6.3,75139
6.3,83003
6.3,78763
6.3,84345
6.3,83878
6.3,85383
6.3,74587
6.3,87223
6.3,89247
6.3,80826
6.3,84510
6.3,80414
6.3,83439
6.3,80747
6.3,86364
6.3,81678
6.3,89201
6.3,72340
6.3,86716
6.3,82900
6.3,77702
6.3,84483
6.3,91649
6.3,80552
6.3,82809
6.3,80898
6.3,84167
6.3,88402
6.3,86779
6.4,80513
6.4,83833
6.4,82721
6.4,84801
6.4,91367
6.4,88952
6.4,79246
6.4,86329
6.4,82948
6.4,84217
6.4,82175
6.4,82587
6.4,85923
6.4,90681
6.4,87046
6.4,83584
6.4,93211
6.4,89106
6.4,87769
6.4,75886
6.4,75966
6.4,96492
6.4,81462
6.4,81448
6.4,85852
6.4,84995
6.4,83516
6.4,84057
6.4,83535
6.4,77185
6.4,80206
6.4,95492
6.4,80268
6.4,82276
6.4,81081
6.4,84907
6.4,79105
6.4,95994
6.4,75955
6.4,89214
6.4,86345
6.4,88421
6.4,81710
6.4,74266
6.4,83011
6.4,80479
6.4,84120
6.4,81107
6.4,83607
6.4,81394
6.4,77558
6.5,79459
6.5,87077
6.5,80858
6.5,85076
6.5,89428
6.5,84145
6.5,81675
6.5,86817
6.5,89211
6.5,89333
6.5,78499
6.5,88693
6.5,95129
6.5,83318
6.5,82031
6.5,88049
6.5,87192
6.5,84267
6.5,78818
6.5,86003
6.5,85818
6.5,83335
6.5,86266
6.5,85487
6.5,92083
6.5,81786
6.5,82886
6.5,80089
6.5,81703
6.5,85709
6.5,86453
6.5,81643
6.5,79743
6.5,83680
6.5,80536
6.5,86529
6.5,74383
6.5,86981
6.5,78154
6.5,89823
6.5,78095
6.5,84202
6.5,82236
6.5,73388
6.5,75027
6.5,82977
6.5,79043
6.5,86708
6.5,84998
6.5,83881
6.5,87184
6.5,78216
6.5,83402
6.5,81783
6.5,79160
6.5,85911
6.5,82434
6.5,88540
6.5,86301
6.5,90514
6.5,84205
6.5,88036
6.5,84674
6.6,82132
6.6,96337
6.6,86936
6.6,80012
6.6,79147
6.6,88506
6.6,81724
6.6,86302
6.6,82167
6.6,78480
6.6,92867
6.6,83581
6.6,82982
6.6,89379
6.6,81481
6.6,76872
6.6,79596
6.6,77088
6.6,74823
6.6,84946
6.6,93255
6.6,90105
6.6,74127
6.6,79854
6.6,92496
6.6,82906
6.6,79437
6.6,85437
6.6,82433
6.6,82572
6.6,82576
6.6,70490
6.6,89379
6.6,79124
6.6,85693
6.6,80471
6.6,78661
6.6,87307
6.6,77366
6.6,81496
6.6,81205
6.6,86668
6.6,81311
6.6,74791
6.6,84578
6.6,78142
6.6,92585
6.6,86116
6.6,86924
6.6,89010
6.6,83059
6.6,86541
6.6,87921
6.6,79971
6.6,78831
6.6,94686
6.6,91528
6.6,87490
6.6,81316
6.6,80835
6.6,79671
6.6,88789
6.6,79532
6.6,87370
6.6,79986
6.6,80159
6.7,82303
6.7,84774
6.7,80255
6.7,82240
6.7,84866
6.7,88145
6.7,82545
6.7,82045
6.7,85294
6.7,78828
6.7,81271
6.7,82847
6.7,83698
6.7,93314
6.7,74893
6.7,78509
6.7,81570
6.7,79907
6.7,83216
6.7,89631
6.7,85579
6.7,85706
6.7,87408
6.7,81127
6.7,93657
6.7,89439
6.7,88443
6.7,84190
6.7,82378
6.7,82049
6.7,79624
6.7,86192
6.7,85282
6.7,89508
6.7,90204
6.7,90102
6.7,86992
6.7,81063
6.7,78058
6.7,85323
6.7,85470
6.7,85260
6.7,91235
6.7,86545
6.7,97512
6.7,78872
6.7,81270
6.7,82179
6.7,84523
6.7,84111
6.7,94257
6.7,81131
6.7,81735
6.7,90858
6.7,76466
6.7,88074
6.7,83862
6.7,74630
6.7,80621
6.7,77925
6.7,87338
6.7,83487
6.8,90146
6.8,75012
6.8,79572
6.8,88079
6.8,79629
6.8,93696
6.8,90882
6.8,87694
6.8,83772
6.8,90927
6.8,89335
6.8,81713
6.8,79388
6.8,91080
6.8,92475
6.8,77949
6.8,94328
6.8,84631
6.8,89636
6.8,79169
6.8,81920
6.8,87337
6.8,93652
6.8,82135
6.8,81719
6.8,93278
6.8,80860
6.8,97010
6.8,82430
6.8,85965
6.8,83260
6.8,89429
6.8,81693
6.8,89394
6.8,74721
6.8,85318
6.8,86710
6.8,91032
6.8,91986
6.8,85119
6.8,82453
6.8,85668
6.8,83931
6.8,77914
6.8,82226
6.8,80776
6.8,96497
6.8,89235
6.8,86378
6.8,93391
6.8,93172
6.8,82288
6.8,94488
6.8,86849
6.8,81327
6.8,91114
6.8,87980
6.8,82462
6.8,86322
6.8,86967
6.8,89279
6.8,90284
6.9,95070
6.9,87092
6.9,81099
6.9,81549
6.9,89042
6.9,90052
6.9,86580
6.9,87607
6.9,82282
6.9,79390
6.9,84961
6.9,77905
6.9,91538
6.9,87975
6.9,94169
6.9,88024
6.9,81886
6.9,85409
6.9,87089
6.9,88393
6.9,86041
6.9,75657
6.9,77909
6.9,81656
6.9,85076
6.9,92117
6.9,85811
6.9,95065
6.9,80615
6.9,86345
6.9,90743
6.9,84653
6.9,91035
6.9,85251
6.9,77042
6.9,86628
6.9,80840
6.9,82301
6.9,82559
6.9,87173
6.9,76927
6.9,88844
6.9,93517
6.9,87997
6.9,85300
6.9,81371
6.9,86918
6.9,88740
6.9,82687
6.9,90657
6.9,82837
6.9,85411
6.9,91242
6.9,94687
6.9,88386
6.9,88702
6.9,83465
6.9,78307
6.9,84751
6.9,83079
6.9,84843
6.9,83057
7.0,85181
7.0,85664
7.0,96994
7.0,85483
7.0,90860
7.0,81735
7.0,86955
7.0,87244
7.0,85479
7.0,87869
7.0,87325
7.0,89644
7.0,81148
7.0,84066
7.0,88681
7.0,93164
7.0,87559
7.0,83480
7.0,90422
7.0,90012
7.0,96424
7.0,89876
7.0,92126
7.0,74841
7.0,97093
7.0,89497
7.0,88955
7.0,76609
7.0,86753
7.0,84143
7.0,85004
7.0,87706
7.0,92099
7.0,85052
7.0,87278
7.0,77252
7.0,80554
7.0,95301
7.0,86086
7.0,85481
7.0,92389
7.0,87164
7.0,83196
7.0,96241
7.0,94214
7.0,83262
7.0,95343
7.0,79503
7.0,95142
7.0,100360
7.0,92340
7.0,80827
7.0,84427
7.0,87906
7.0,92800
7.0,80272
7.0,84346
7.0,87605
7.1,87171
7.1,91626
7.1,81255
7.1,93721
7.1,94980
7.1,86294
7.1,85402
7.1,91462
7.1,82624
7.1,92447
7.1,83343
7.1,85212
7.1,81130
7.1,92700
7.1,86089
7.1,89651
7.1,88422
7.1,95775
7.1,91018
7.1,87077
7.1,84730
7.1,86215
7.1,90390
7.1,91678
7.1,97170
7.1,85397
7.1,84843
7.1,84418
7.1,84914
7.1,92032
7.1,94558
7.1,88259
7.1,85466
7.1,87963
7.1,87409
7.1,85418
7.1,82501
7.1,94763
7.1,93491
7.1,83719
7.1,89534
7.1,88764
7.1,76478
7.1,91284
7.1,84576
7.1,95418
7.1,86551
7.1,98674
7.1,89916
7.1,80409
7.1,90884
7.1,84337
7.1,83545
7.1,96204
7.1,93626
7.1,80410
7.1,90368
7.1,88574
7.1,86986
7.1,86557
7.1,93859
7.2,96244
7.2,84042
7.2,90009
7.2,85145
7.2,87143
7.2,81388
7.2,85156
7.2,90219
7.2,92039
7.2,87048
7.2,86494
7.2,88253
7.2,83244
7.2,86744
7.2,81153
7.2,87712
7.2,98667
7.2,89318
7.2,85753
7.2,92490
7.2,88432
7.2,83392
7.2,96355
7.2,95092
7.2,92331
7.2,78913
7.2,92592
7.2,84580
7.2,93488
7.2,83217
7.2,90572
7.2,84859
7.2,82878
7.2,100072
7.2,92272
7.2,87602
7.2,89262
7.2,83315
7.2,82508
7.2,84008
7.2,89618
7.2,92093
7.2,87435
7.2,83521
7.2,95571
7.2,86437
7.2,90970
7.2,85146
7.2,85201
7.2,89106
7.2,79872
7.2,90206
7.2,97983
7.2,81049
7.2,81574
7.2,91479
7.2,89640
7.2,85129
7.2,87157
7.2,94758
7.2,92916
7.2,95446
7.2,82398
7.2,90039
7.2,81745
7.3,80571
7.3,91984
7.3,90207
7.3,91237
7.3,88595
7.3,93214
7.3,87938
7.3,90371
7.3,82092
7.3,82686
7.3,85143
7.3,99226
7.3,84565
7.3,84160
7.3,91680
7.3,90160
7.3,91816
7.3,87734
7.3,85747
7.3,90374
7.3,86821
7.3,93287
7.3,95534
7.3,85446
7.3,88827
7.3,90583
7.3,91019
7.3,89527
7.3,88603
7.3,89225
7.3,77855
7.3,91410
7.3,95281
7.3,87727
7.3,88425
7.3,90501
7.3,84715
7.3,88556
7.3,99010
7.3,89164
7.3,86477
7.3,93068
7.3,81279
7.3,96352
7.3,93405
7.3,98583
7.3,91094
7.3,97829
7.3,88881
7.3,92819
7.3,91889
7.3,92762
7.3,91919
7.3,95681
7.3,91169
7.3,90709
7.4,94928
7.4,90152
7.4,85800
7.4,88948
7.4,92101
7.4,84154
7.4,89443
7.4,100769
7.4,86499
7.4,90111
7.4,92939
7.4,91443
7.4,81465
7.4,93615
7.4,101657
7.4,88249
7.4,77896
7.4,90145
7.4,88319
7.4,103430
7.4,93207
7.4,82330
7.4,91637
7.4,95742
7.4,83465
7.4,83039
7.4,84851
7.4,97183
7.4,95647
7.4,98010
7.4,84783
7.4,94168
7.4,72058
7.4,86374
7.4,91846
7.4,81889
7.4,71317
7.4,95911
7.4,94136
7.4,80158
7.4,91720
7.4,92485
7.4,83976
7.4,84275
7.4,94889
7.4,88837
7.4,95610
7.4,97230
7.4,93940
7.4,95478
7.4,88974
7.4,89768
7.4,89121
7.4,89346
7.4,82343
7.4,87233
7.4,92189
7.4,92197
7.4,87487
7.4,90963
7.4,85226
7.4,93723
7.4,95908
7.4,92882
7.4,85562
7.4,88405
7.4,84230
7.5,99600
7.5,89620
7.5,89541
7.5,87018
7.5,96967
7.5,84524
7.5,96385
7.5,101806
7.5,94397
7.5,94069
7.5,86988
7.5,93650
7.5,88982
7.5,90388
7.5,103947
7.5,106214
7.5,90059
7.5,88617
7.5,92569
7.5,93458
7.5,94884
7.5,96867
7.5,85634
7.5,94106
7.5,93335
7.5,87958
7.5,87854
7.5,92494
7.5,100491
7.5,97283
7.5,90966
7.5,92611
7.5,96551
7.5,86228
7.5,90182
7.5,85068
7.5,89283
7.5,95650
7.5,94375
7.5,89877
7.5,91261
7.5,93227
7.5,90369
7.5,89434
7.5,88359
7.5,84895
7.5,98524
7.5,86274
7.5,92056
7.5,89033
7.5,91230
7.5,87538
7.5,90203
7.5,99290
7.5,81398
7.5,99624
7.5,80235
7.5,99972
7.5,88096
7.5,91867
7.5,93171
7.5,99649
7.5,94800
7.5,88095
7.5,89049
7.5,83956
7.6,89112
7.6,97856
7.6,94780
7.6,99577
7.6,85729
7.6,89791
7.6,99862
7.6,101960
7.6,85264
7.6,84223
7.6,90770
7.6,98144
7.6,92159
7.6,92951
7.6,88198
7.6,93660
7.6,104487
7.6,92304
7.6,93706
7.6,93159
7.6,90343
7.6,99871
7.6,87187
7.6,88638
7.6,85169
7.6,96070
7.6,91033
7.6,94030
7.6,91885
7.6,93594
7.6,81763
7.6,91140
7.6,92567
7.6,83371
7.6,92841
7.6,91706
7.6,93192
7.6,90616
7.6,83564
7.6,82008
7.6,93995
7.6,84082
7.6,100417
7.6,100386
7.6,94400
7.6,96640
7.6,92009
7.6,98261
7.6,86381
7.6,91119
7.6,90917
7.6,92694
7.6,92300
7.6,94529
7.6,91798
7.6,90528
7.6,88206
7.6,92039
7.7,91760
7.7,97437
7.7,74745
7.7,94947
7.7,76866
7.7,80828
7.7,91261
7.7,91223
7.7,102070
7.7,89116
7.7,92511
7.7,91908
7.7,88483
7.7,92877
7.7,97041
7.7,101758
7.7,91030
7.7,91399
7.7,96867
7.7,91783
7.7,99747
7.7,93798
7.7,88331
7.7,95745
7.7,92577
7.7,90774
7.7,92061
7.7,95564
7.7,85534
7.7,98004
7.7,100747
7.7,89746
7.7,94120
7.7,94584
7.7,93138
7.7,84965
7.7,96516
7.7,95340
7.7,92501
7.7,89880
7.7,94370
7.7,86805
7.7,95769
7.7,96450
7.7,92758
7.7,98353
7.7,94549
7.7,95405
7.7,99275
7.7,97070
7.7,94044
7.7,91511
7.7,83934
7.7,94112
7.7,104844
7.7,96167
7.7,93513
7.7,97610
7.7,86467
7.7,99636
7.7,89472
7.7,93370
7.7,97950
7.8,88995
7.8,92429
7.8,102473
7.8,98472
7.8,94475
7.8,86077
7.8,95071
7.8,94525
7.8,99455
7.8,97807
7.8,99262
7.8,92479
7.8,95407
7.8,86476
7.8,94314
7.8,101500
7.8,104885
7.8,93845
7.8,101162
7.8,91005
7.8,80889
7.8,90855
7.8,90237
7.8,88363
7.8,86799
7.8,84530
7.8,98948
7.8,97096
7.8,93956
7.8,97381
7.8,92924
7.8,89451
7.8,86014
7.8,93661
7.8,98700
7.8,93213
7.8,91998
7.8,93658
7.8,95497
7.8,86640
7.8,90945
7.8,91088
7.8,92565
7.8,96221
7.8,92957
7.8,89135
7.8,95032
7.8,92406
7.8,99141
7.8,93581
7.8,84920
7.8,97911
7.8,89113
7.9,92144
7.9,99856
7.9,98160
7.9,88933
7.9,97029
7.9,98522
7.9,97074
7.9,93068
7.9,101332
7.9,90038
7.9,93121
7.9,95460
7.9,93168
7.9,93174
7.9,107802
7.9,98329
7.9,90100
7.9,100226
7.9,97399
7.9,88981
7.9,91552
7.9,99875
7.9,83485
7.9,88821
7.9,90577
7.9,103158
7.9,91057
7.9,97747
7.9,87525
7.9,85423
7.9,98004
7.9,92337
7.9,95933
7.9,103692
7.9,101373
7.9,94486
7.9,84636
7.9,100013
7.9,91951
7.9,90891
7.9,95873
7.9,92722
7.9,88646
7.9,90820
7.9,94321
7.9,93719
7.9,94611
7.9,98805
7.9,91904
8.0,101530
8.0,91904
8.0,96982
8.0,84571
8.0,96662
8.0,92179
8.0,90457
8.0,95292
8.0,95803
8.0,80229
8.0,88231
8.0,87504
8.0,93195
8.0,95540
8.0,102911
8.0,96600
8.0,94715
8.0,98859
8.0,93873
8.0,108210
8.0,95695
8.0,96410
8.0,94334
8.0,95881
8.0,91578
8.0,93636
8.0,99728
8.0,99250
8.0,98831
8.0,95670
8.0,102410
8.0,94988
8.0,92858
8.0,97321
8.0,94035
8.0,91930
8.0,93079
8.0,90065
8.0,93557
8.0,92837
8.0,91871
8.0,103239
8.0,94132
8.0,96094
8.0,95735
8.0,93324
8.0,101966
8.0,95415
8.0,96247
8.0,96838
8.0,102687
8.0,91735
8.0,91531
8.0,95878
8.0,102711
8.0,100147
8.0,95545
8.0,99715
8.0,95199
8.0,95509
8.0,97666
8.0,94358
8.1,93205
8.1,96628
8.1,91748
8.1,101041
8.1,100515
8.1,84724
8.1,93033
8.1,97206
8.1,95184
8.1,95460
8.1,95847
8.1,88269
8.1,92261
8.1,95200
8.1,92941
8.1,100408
8.1,88540
8.1,97853
8.1,95295
8.1,94344
8.1,90776
8.1,99426
8.1,99371
8.1,88827
8.1,109265
8.1,100063
8.1,95490
8.1,97829
8.1,101696
8.1,95106
8.1,93411
8.1,96448
8.1,96895
8.1,93795
8.1,97583
8.1,92800
8.1,98353
8.1,98549
8.1,98840
8.1,105231
8.1,87197
8.1,100512
8.1,97959
8.1,100483
8.1,98712
8.1,103129
8.1,96819
8.1,106049
8.1,94899
8.1,91213
8.1,101718
8.1,93351
8.1,95724
8.1,99676
8.1,98770
8.1,94660
8.1,97679
8.1,105071
8.2,90723
8.2,101923
8.2,93553
8.2,92396
8.2,102299
8.2,99155
8.2,93919
8.2,100074
8.2,87331
8.2,99985
8.2,102394
8.2,101578
8.2,103958
8.2,95989
8.2,100166
8.2,91154
8.2,96537
8.2,101537
8.2,95251
8.2,94578
8.2,97074
8.2,93438
8.2,87895
8.2,96709
8.2,102684
8.2,89961
8.2,101180
8.2,93618
8.2,92971
8.2,102139
8.2,93798
8.2,98075
8.2,107467
8.2,86425
8.2,95730
8.2,103126
8.2,94042
8.2,95570
8.2,96304
8.2,98877
8.2,95198
8.2,81277
8.2,93009
8.2,100401
8.2,94257
8.2,90830
8.2,93833
8.2,100237
8.2,93065
8.2,89747
8.2,92180
8.2,102667
8.2,104505
8.3,90955
8.3,93851
8.3,92222
8.3,101071
8.3,102784
8.3,95754
8.3,100285
8.3,106288
8.3,97673
8.3,93383
8.3,100311
8.3,94967
8.3,100269
8.3,90930
8.3,101120
8.3,103985
8.3,89587
8.3,101915
8.3,103614
8.3,83085
8.3,97201
8.3,106490
8.3,95630
8.3,93822
8.3,91843
8.3,101107
8.3,89314
8.3,91391
8.3,96682
8.3,92896
8.3,100872
8.3,104012
8.3,97129
8.3,94812
8.3,93933
8.3,102077
8.3,86481
8.3,99998
8.3,105881
8.3,97723
8.3,96936
8.3,98274
8.3,91430
8.3,96613
8.3,94867
8.3,96018
8.3,91363
8.3,88662
8.3,89717
8.3,97958
8.3,89869
8.3,90341
8.3,97611
8.3,99937
8.3,103902
8.3,87875
8.3,94585
8.3,103103
8.3,94701
8.3,102641
8.3,93616
8.3,105197
8.3,95230
8.3,92706
8.4,96597
8.4,98992
8.4,93556
8.4,95504
8.4,108111
8.4,99804
8.4,102869
8.4,101435
8.4,99531
8.4,95553
8.4,97113
8.4,100591
8.4,96278
8.4,95061
8.4,101494
8.4,93436
8.4,101712
8.4,95312
8.4,92799
8.4,94581
8.4,97696
8.4,101138
8.4,101885
8.4,98910
8.4,94540
8.4,96576
8.4,96003
8.4,91650
8.4,95723
8.4,100740
8.4,101850
8.4,99216
8.4,96812
8.4,91303
8.4,103426
8.4,93798
8.4,104669
8.4,111034
8.4,95686
8.4,98929
8.4,96891
8.4,97367
8.4,102040
8.4,96831
8.4,103593
8.4,94270
8.4,100171
8.4,95481
8.4,89200
8.4,99150
8.4,95420
8.4,104873
8.4,100470
8.4,98531
8.5,104108
8.5,98339
8.5,95579
8.5,87180
8.5,102166
8.5,96924
8.5,99438
8.5,94738
8.5,95627
8.5,94887
8.5,95840
8.5,98757
8.5,105141
8.5,97190
8.5,96915
8.5,101647
8.5,95599
8.5,102998
8.5,103494
8.5,96941
8.5,102035
8.5,96267
8.5,96393
8.5,98840
8.5,88321
8.5,100314
8.5,101153
8.5,102682
8.5,110722
8.5,97177
8.5,98461
8.5,106219
8.5,105807
8.5,97965
8.5,99493
8.5,96292
8.5,89075
8.5,95222
8.5,106901
8.5,104593
8.5,97807
8.5,91354
8.5,94058
8.5,100812
8.5,102184
8.5,93257
8.5,104523
8.5,88423
8.5,99821
8.5,92390
8.5,97916
8.5,103597
8.6,104324
8.6,104302
8.6,106510
8.6,100592
8.6,97713
8.6,101914
8.6,99937
8.6,93388
8.6,99575
8.6,102728
8.6,97249
8.6,95753
8.6,103709
8.6,97129
8.6,102497
8.6,102662
8.6,95462
8.6,98764
8.6,101363
8.6,103713
8.6,98546
8.6,94856
8.6,109265
8.6,97955
8.6,106226
8.6,96855
8.6,98983
8.6,99719
8.6,96835
8.6,101574
8.6,96675
8.6,97553
8.6,101473
8.6,86967
8.6,97242
8.6,97311
8.6,104313
8.6,93505
8.6,95973
8.6,99294
8.6,96002
8.6,95720
8.6,98253
8.6,95197
8.6,99301
8.6,105187
8.7,98553
8.7,103548
8.7,93516
8.7,93081
8.7,89630
8.7,92707
8.7,101292
8.7,102914
8.7,95994
8.7,107101
8.7,103286
8.7,98617
8.7,100443
8.7,108344
8.7,111299
8.7,94871
8.7,101835
8.7,103383
8.7,97948
8.7,95015
8.7,100994
8.7,95760
8.7,101925
8.7,104135
8.7,107485
8.7,100483
8.7,100256
8.7,110979
8.7,106664
8.7,93936
8.7,102844
8.7,101150
8.7,100971
8.7,100672
8.7,101297
8.7,105130
8.7,98827
8.7,98344
8.7,105931
8.7,103043
8.7,117137
8.7,100820
8.7,97394
8.7,95996
8.7,101008
8.7,90256
8.7,100754
8.7,100790
8.7,99283
8.7,104976
8.7,98372
8.7,100926
8.7,105396
8.7,99429
8.7,102755
8.7,91620
8.7,100138
8.7,97657
8.7,101904
8.7,102778
8.7,100994
8.7,102647
8.7,101186
8.7,92687
8.7,93018
8.7,108221
8.7,103875
8.7,98363
8.7,96148
8.7,98965
8.7,94176
8.7,95000
8.7,106464
8.7,97711
8.7,99956
8.7,95258
8.8,104615
8.8,100519
8.8,108623
8.8,99757
8.8,95029
8.8,103235
8.8,98767
8.8,99220
8.8,106740
8.8,96820
8.8,100035
8.8,99420
8.8,97713
8.8,94396
8.8,94789
8.8,99621
8.8,110103
8.8,106137
8.8,97067
8.8,87304
8.8,98486
8.8,100059
8.8,98264
8.8,98787
8.8,105113
8.8,101329
8.8,94545
8.8,97148
8.8,94632
8.8,102339
8.8,105540
8.8,107901
8.8,103852
8.8,101174
8.8,104396
8.8,104582
8.8,105789
8.8,105435
8.8,100463
8.8,107891
8.8,99796
8.8,99620
8.8,100825
8.8,98449
8.8,98771
8.8,99483
8.8,102455
8.8,106596
8.8,96100
8.8,105359
8.8,99963
8.8,97631
8.8,102464
8.8,102810
8.8,98857
8.8,98580
8.8,104428
8.8,99266
8.9,99019
8.9,99056
8.9,96255
8.9,112643
8.9,102725
8.9,99891
8.9,101345
8.9,101307
8.9,113194
8.9,95424
8.9,100582
8.9,99279
8.9,101602
8.9,102174
8.9,102465
8.9,96679
8.9,104214
8.9,101177
8.9,97680
8.9,97113
8.9,91922
8.9,105783
8.9,105932
8.9,108622
8.9,98446
8.9,94264
8.9,96209
8.9,106488
8.9,99751
8.9,100252
8.9,97734
8.9,102814
8.9,101568
8.9,101452
8.9,98133
8.9,98786
8.9,95940
8.9,104906
8.9,110686
8.9,102282
8.9,113956
8.9,110330
8.9,103584
8.9,101065
8.9,94986
8.9,98682
8.9,100465
8.9,96827
8.9,97416
8.9,111620
8.9,100228
8.9,104004
8.9,103975
8.9,112021
8.9,103737
8.9,98466
8.9,93394
8.9,99571
8.9,103844
8.9,113577
8.9,96661
8.9,95687
8.9,104826
8.9,102767
8.9,93726
8.9,106381
8.9,96908
9.0,103440
9.0,99343
9.0,106445
9.0,102066
9.0,111315
9.0,103785
9.0,102183
9.0,109977
9.0,98672
9.0,110707
9.0,101990
9.0,108394
9.0,104627
9.0,98798
9.0,102294
9.0,104747
9.0,109644
9.0,105856
9.0,95138
9.0,111261
9.0,91540
9.0,101627
9.0,103463
9.0,100924
9.0,96535
9.0,98592
9.0,101036
9.0,105607
9.0,106516
9.0,102095
9.0,89732
9.0,112913
9.0,103976
9.0,102293
9.0,104879
9.0,113483
9.0,97024
9.0,105022
9.0,103593
9.0,108251
9.0,100710
9.0,98926
9.0,103550
9.0,100194
9.0,94340
9.0,104494
9.0,101011
9.0,100869
9.0,105352
9.0,98428
9.0,102762
9.0,105423
9.0,95561
9.0,98560
9.0,95869
9.1,106863
9.1,112810
9.1,97260
9.1,101885
9.1,100605
9.1,110166
9.1,94209
9.1,110527
9.1,103043
9.1,105100
9.1,106534
9.1,97367
9.1,101026
9.1,101070
9.1,100105
9.1,106848
9.1,106909
9.1,99353
9.1,103172
9.1,113591
9.1,107275
9.1,95485
9.1,101227
9.1,113318
9.1,107895
9.1,104744
9.1,107865
9.1,111290
9.1,99178
9.1,108564
9.1,105227
9.1,103597
9.1,101611
9.1,107759
9.1,101664
9.1,115711
9.1,108941
9.1,103173
9.1,110781
9.1,98051
9.1,111131
9.1,99976
9.1,94176
9.1,107167
9.1,108358
9.1,100487
9.1,101311
9.1,111382
9.1,100072
9.1,106899
9.1,106797
9.1,112075
9.1,111906
9.1,104254
9.1,99218
9.1,103989
9.2,102376
9.2,107464
9.2,111634
9.2,103335
9.2,111168
9.2,103736
9.2,104428
9.2,111095
9.2,99793
9.2,109193
9.2,101580
9.2,90483
9.2,96725
9.2,103059
9.2,105375
9.2,106535
9.2,99967
9.2,94413
9.2,94477
9.2,101441
9.2,105909
9.2,106109
9.2,110348
9.2,109327
9.2,99770
9.2,106186
9.2,94666
9.2,101621
9.2,109637
9.2,107749
9.2,97439
9.2,101881
9.2,98670
9.2,115942
9.2,105012
9.2,111311
9.2,102761
9.2,98101
9.2,107795
9.2,106635
9.2,107646
9.2,109682
9.2,98910
9.2,100503
9.2,105189
9.2,105512
9.2,110878
9.2,105785
9.2,108475
9.2,100672
9.3,100249
9.3,105216
9.3,108739
9.3,102683
9.3,103186
9.3,113107
9.3,112869
9.3,106038
9.3,103344
9.3,102713
9.3,101598
9.3,102200
9.3,97149
9.3,111169
9.3,92573
9.3,110200
9.3,101528
9.3,106031
9.3,96275
9.3,108677
9.3,98634
9.3,101216
9.3,96174
9.3,100461
9.3,101541
9.3,99384
9.3,100197
9.3,105731
9.3,109916
9.3,110606
9.3,102695
9.3,101326
9.3,102545
9.3,101599
9.3,107584
9.3,93794
9.3,107123
9.3,103034
9.3,113121
9.3,105910
9.3,116373
9.3,97888
9.3,107724
9.3,103623
9.3,104623
9.3,93229
9.3,105329
9.3,100522
9.3,108140
9.3,103195
9.3,109802
9.3,100796
9.3,97872
9.3,109754
9.3,106601
9.3,104698
9.3,98779
9.3,98010
9.3,98602
9.3,109858
9.3,99614
9.3,108961
9.4,114743
9.4,99629
9.4,98994
9.4,103867
9.4,110128
9.4,109076
9.4,102843
9.4,101679
9.4,113528
9.4,103317
9.4,104965
9.4,113463
9.4,107996
9.4,97383
9.4,109610
9.4,110811
9.4,98355
9.4,104164
9.4,109731
9.4,115218
9.4,101218
9.4,102853
9.4,109905
9.4,108031
9.4,111456
9.4,104174
9.4,105620
9.4,114037
9.4,102142
9.4,98094
9.4,106968
9.4,102544
9.4,105878
9.4,105327
9.4,106786
9.4,106277
9.4,111211
9.4,98583
9.4,106015
9.4,100800
9.4,114223
9.4,106210
9.4,105420
9.4,100567
9.4,99764
9.4,101621
9.4,95830
9.4,103381
9.4,104263
9.4,105688
9.4,109658
9.4,102376
9.4,115613
9.4,107172
9.4,103003
9.4,110615
9.4,108688
9.4,111478
9.4,106128
9.4,111635
9.4,108980
9.4,102917
9.4,100384
9.4,101467
9.4,110916
9.4,108046
9.4,103973
9.4,99742
9.4,110992
9.4,107845
9.5,99642
9.5,100220
9.5,105682
9.5,108499
9.5,106372
9.5,117046
9.5,102034
9.5,104591
9.5,106044
9.5,105114
9.5,107717
9.5,113599
9.5,103159
9.5,114955
9.5,106972
9.5,103422
9.5,94877
9.5,105831
9.5,99126
9.5,104459
9.5,106655
9.5,103775
9.5,105447
9.5,112088
9.5,104641
9.5,103474
9.5,114435
9.5,97353
9.5,109169
9.5,103610
9.5,106697
9.5,100154
9.5,98176
9.5,104363
9.5,107222
9.5,101359
9.5,97744
9.5,111098
9.5,111689
9.5,102576
9.5,116539
9.5,108603
9.5,110232
9.5,104741
9.5,98533
9.5,102203
9.5,114982
9.5,110614
9.5,102328
9.5,108302
9.5,100052
9.5,114272
9.6,107215
9.6,105993
9.6,104976
9.6,112966
9.6,107169
9.6,105424
9.6,101215
9.6,113693
9.6,108177
9.6,117775
9.6,105584
9.6,112955
9.6,107318
9.6,113150
9.6,95176
9.6,105938
9.6,102962
9.6,106307
9.6,110179
9.6,107571
9.6,118940
9.6,104382
9.6,103603
9.6,111757
9.6,107312
9.6,105897
9.6,106020
9.6,108720
9.6,107251
9.6,106838
9.6,106970
9.6,105876
9.6,108209
9.6,114945
9.6,106817
9.6,103608
9.6,101394
9.6,103843
9.6,106516
9.6,96293
9.6,115555
9.6,100486
9.6,115327
9.6,102725
9.6,105624
9.6,101961
9.6,113845
9.6,113755
9.6,104467
9.6,110624
9.6,105270
9.6,104389
9.6,99901
9.6,96477
9.6,112820
9.6,115116
9.6,112033
9.6,101418
9.6,96862
9.6,92750
9.6,107063
9.6,105443
9.7,109923
9.7,101146
9.7,116136
9.7,101818
9.7,104467
9.7,112936
9.7,99327
9.7,101527
9.7,98319
9.7,115011
9.7,105872
9.7,107152
9.7,110303
9.7,109869
9.7,116834
9.7,111405
9.7,106515
9.7,111800
9.7,114983
9.7,100750
9.7,109078
9.7,113468
9.7,112491
9.7,108628
9.7,112827
9.7,110239
9.7,111172
9.7,103267
9.7,108371
9.7,115394
9.7,112713
9.7,103661
9.7,111326
9.7,108447
9.7,111916
9.7,107680
9.7,97846
9.7,103582
9.7,117710
9.7,103501
9.7,108029
9.7,101981
9.7,104855
9.7,119278
9.7,110884
9.7,112735
9.7,109220
9.7,111691
9.7,106874
9.7,110054
9.7,108949
9.7,113870
9.7,105758
9.8,113608
9.8,108317
9.8,110170
9.8,114107
9.8,114717
9.8,104844
9.8,105516
9.8,108344
9.8,114359
9.8,108914
9.8,115890
9.8,104011
9.8,95955
9.8,112528
9.8,113052
9.8,111343
9.8,100872
9.8,106833
9.8,102927
9.8,100964
9.8,107457
9.8,102186
9.8,103802
9.8,112959
9.8,113287
9.8,98620
9.8,109393
9.8,115535
9.8,108819
9.8,106513
9.8,96520
9.8,98204
9.8,112784
9.8,108670
9.8,109286
9.8,103696
9.8,108960
9.8,106708
9.8,112013
9.8,108400
9.8,109370
9.8,107204
9.8,108984
9.8,108391
9.9,114044
9.9,118711
9.9,112983
9.9,111586
9.9,113983
9.9,100727
9.9,109328
9.9,105895
9.9,99492
9.9,109056
9.9,117503
9.9,100040
9.9,111000
9.9,101378
9.9,106541
9.9,119991
9.9,106158
9.9,104426
9.9,108542
9.9,104072
9.9,104338
9.9,112708
9.9,111337
9.9,103365
9.9,122190
9.9,115513
9.9,110686
9.9,103755
9.9,110912
9.9,114615
9.9,105153
9.9,115499
9.9,109921
9.9,102286
9.9,110415
9.9,111250
9.9,106513
9.9,117091
9.9,100789
9.9,106849
9.9,103381
9.9,114745
9.9,116321
9.9,104126
9.9,114126
9.9,111215
9.9,110772
9.9,111194
10.0,112000
10.0,108930
10.0,107838
10.0,106935
10.0,107724
10.0,110956
10.0,112639
10.0,108465
10.0,110964
10.0,109856
10.0,111075
10.0,100598
10.0,115036
10.0,108102
10.0,115202
10.0,108855
10.0,116454
10.0,111003
10.0,114693
10.0,105388
10.0,106392
10.0,105989
10.0,116861
10.0,114203
10.0,108280
10.0,101421
10.0,116643
10.0,109023
10.0,111126
10.0,108122
10.0,116779
10.0,112523
10.0,112521
10.0,108760
10.0,116892
10.0,114618
10.0,102135
10.0,102698
10.0,117269
10.0,108872
10.0,110556
10.0,107913
10.0,111606
10.0,107154
10.0,116421
10.0,105772
10.0,102498
10.0,105813
10.0,112887
10.0,108406
10.0,108860
10.0,108492
10.0,117097
10.0,103114
10.0,107969
10.0,106554
10.0,113954
10.0,105629
10.0,112787
10.1,111263
10.1,105678
10.1,103335
10.1,113145
10.1,114700
10.1,108251
10.1,102568
10.1,110432
10.1,109940
10.1,116641
10.1,106510
10.1,107929
10.1,112257
10.1,117496
10.1,110201
10.1,106480
10.1,120368
10.1,104050
10.1,113799
10.1,113056
10.1,105708
10.1,106632
10.1,108290
10.1,116134
10.1,101557
10.1,104968
10.1,111472
10.1,104192
10.1,104835
10.1,109833
10.1,119627
10.1,107134
10.1,106984
10.1,105382
10.1,111367
10.1,116034
10.1,118350
10.1,102734
10.1,117038
10.1,110862
10.1,125427
10.1,112666
10.1,114327
10.1,116040
10.1,106973
10.1,116717
10.1,115120
10.1,116201
10.1,108060
10.1,108262
10.1,112859
10.1,107193
10.1,117932
10.1,109428
10.1,110408
10.1,107199
10.1,113006
10.1,105797
10.1,107651
10.1,110094
10.1,113878
10.1,109762
10.2,114937
10.2,117496
10.2,101640
10.2,107880
10.2,114685
10.2,115164
10.2,116735
10.2,111776
10.2,116476
10.2,116187
10.2,111763
10.2,111294
10.2,110791
10.2,110205
10.2,110081
10.2,115016
10.2,103512
10.2,111113
10.2,110857
10.2,107014
10.2,116312
10.2,103761
10.2,108316
10.2,101048
10.2,123113
10.2,109123
10.2,117892
10.2,105244
10.2,110091
10.2,111906
10.2,109596
10.2,110614
10.2,112821
10.2,117112
10.2,105047
10.2,111892
10.2,120845
10.2,106603
10.2,107242
10.2,115303
10.2,117512
10.2,113645
10.2,113108
10.2,105934
10.2,112329
10.2,113181
10.2,108498
10.2,114811
10.2,116857
10.2,106039
10.2,115566
10.2,107228
10.2,110978
10.2,101139
10.2,109618
10.2,107579
10.2,108066
10.2,117200
10.2,129145
10.2,119767
10.2,115844
10.3,104721
10.3,105820
10.3,111469
10.3,103840
10.3,119584
10.3,114820
10.3,117419
10.3,101402
10.3,112101
10.3,118808
10.3,116298
10.3,118159
10.3,110496
10.3,107781
10.3,116721
10.3,111674
10.3,118864
10.3,112543
10.3,115312
10.3,113172
10.3,126886
10.3,109937
10.3,114392
10.3,120147
10.3,116214
10.3,110809
10.3,120445
10.3,114967
10.3,107638
10.3,118296
10.3,111976
10.3,107737
10.3,105214
10.3,116564
10.3,120237
10.3,111150
10.3,116576
10.3,98524
10.3,113294
10.3,108276
10.3,114275
10.3,111919
10.3,115333
10.3,115099
10.3,105802
10.3,112534
10.3,114298
10.3,110608
10.3,119406
10.3,104113
10.3,115700
10.3,110018
10.3,111360
10.3,116734
10.3,108648
10.3,115600
10.3,111145
10.3,111836
10.3,117241
10.3,112542
10.3,101040
10.3,115296
10.3,112664
10.3,118036
10.3,110978
10.3,116191
10.3,105236
10.3,114653
10.3,115213
10.4,116832
10.4,107661
10.4,125527
10.4,115712
10.4,110880
10.4,108166
10.4,104405
10.4,107874
10.4,115551
10.4,112299
10.4,118340
10.4,110577
10.4,108829
10.4,119260
10.4,115878
10.4,109400
10.4,104264
10.4,119371
10.4,116513
10.4,109705
10.4,108467
10.4,107045
10.4,116864
10.4,105786
10.4,109942
10.4,115494
10.4,107145
10.4,115016
10.4,108375
10.4,111916
10.4,110651
10.4,108600
10.4,112383
10.4,111899
10.4,113609
10.4,112352
10.4,116889
10.4,111672
10.4,104354
10.4,105337
10.4,108061
10.4,114658
10.4,116984
10.4,122099
10.4,114933
10.4,112676
10.4,120171
10.4,111205
10.4,114974
10.4,118355
10.4,112412
10.4,116535
10.4,116422
10.4,115200
10.4,108359
10.4,110294
10.4,103116
10.4,109399
10.4,112420
10.5,108787
10.5,110332
10.5,107911
10.5,108867
10.5,102420
10.5,110804
10.5,114448
10.5,113667
10.5,103588
10.5,114948
10.5,110484
10.5,113506
10.5,111004
10.5,115295
10.5,117535
10.5,104995
10.5,116612
10.5,113848
10.5,111159
10.5,109669
10.5,121934
10.5,104535
10.5,113973
10.5,106101
10.5,106732
10.5,114654
10.5,120710
10.5,110445
10.5,119795
10.5,120253
10.5,119071
10.5,114845
10.5,118391
10.5,111701
10.5,107588
10.5,112887
10.5,108110
10.5,123951
10.5,107025
10.5,117871
10.5,117422
10.5,108083
10.5,106750
10.5,97898
10.5,119658
10.5,115184
10.5,108670
10.5,107000
10.5,109358
10.5,114140
10.5,121251
10.5,121493
10.6,112558
10.6,128622
10.6,118884
10.6,113209
10.6,109118
10.6,122882
10.6,120669
10.6,118801
10.6,115527
10.6,107744
10.6,119334
10.6,120405
10.6,118905
10.6,108302
10.6,114349
10.6,114662
10.6,121889
10.6,116957
10.6,124013
10.6,112952
10.6,114255
10.6,108155
10.6,113108
10.6,119651
10.6,115866
10.6,118057
10.6,119868
10.6,111420
10.6,116288
10.6,117223
